770018011.459258,206930548.73943967,70891197.35478392,42561500.956099406,9286981.482002426
770018011.459258,206930548.73943967,70891197.35478392,42561500.956099406,9286981.482002426
770018011.459258,206930548.73943967,70891197.35478392,42561500.956099406,9286981.482002426
770018011.459258,206930548.73943967,70891197.35478392,42561500.956099406,9286981.482002426
770018011.459258,206930548.73943967,70891197.35478392,42561500.956099406,9286981.482002426
770018011.459258,206930548.73943967,70891197.35478392,42561500.956099406,9286981.482002426
770018011.459258,206930548.73943967,70891197.35478392,42561500.956099406,9286981.482002426
770018011.459258,206930548.73943967,70891197.35478392,42561500.956099406,9286981.482002426
770018011.459258,206930548.73943967,70891197.35478392,42561500.956099406,9286981.482002426
770018011.459258,206930548.73943967,70891197.35478392,42561500.956099406,9286981.482002426
770018011.459258,206930548.73943967,70891197.35478392,42561500.956099406,9286981.482002426
770018011.459258,206930548.73943967,70891197.35478392,42561500.956099406,9286981.482002426
770018011.459258,206930548.73943967,70891197.35478392,42561500.956099406,9286981.482002426
770018011.459258,206930548.73943967,70891197.35478392,42561500.956099406,9286981.482002426
770018011.459258,206930548.73943967,70891197.35478392,42561500.956099406,9286981.482002426
770018011.459258,206930548.73943967,70891197.35478392,42561500.956099406,9286981.482002426
770018011.459258,206930548.73943967,70891197.35478392,42561500.956099406,9286981.482002426
770018011.459258,206930548.73943967,70891197.35478392,42561500.956099406,9286981.482002426
770018011.459258,206930548.73943967,70891197.35478392,42561500.956099406,9286981.482002426
770018011.459258,206930548.73943967,70891197.35478392,42561500.956099406,9286981.482002426
